
  <TABLE xmlns="http://xmlns.oracle.com/ku" version="1.0">
   <SCHEMA>OALSCM</SCHEMA>
   <NAME>OALEGO_DRM_SYNC_QUEUE</NAME>
   <RELATIONAL_TABLE>
      <COL_LIST>
         <COL_LIST_ITEM>
            <NAME>REFRESH_ID</NAME>
            <DATATYPE>NUMBER</DATATYPE>
         </COL_LIST_ITEM>
         <COL_LIST_ITEM>
            <NAME>STATUS</NAME>
            <DATATYPE>VARCHAR2</DATATYPE>
            <LENGTH>50</LENGTH>
         </COL_LIST_ITEM>
         <COL_LIST_ITEM>
            <NAME>QUEUE_NO</NAME>
            <DATATYPE>NUMBER</DATATYPE>
            <DEFAULT>"OALSCM"."OALEGO_DRM_SYNC_QUEUE_SEQUENCE"."NEXTVAL"</DEFAULT>
         </COL_LIST_ITEM>
      </COL_LIST>
      <PHYSICAL_PROPERTIES>
         <HEAP_TABLE>
            <SEGMENT_ATTRIBUTES>
               <PCTFREE>0</PCTFREE>
               <PCTUSED>40</PCTUSED>
               <INITRANS>1</INITRANS>
               <STORAGE>
                  <INITIAL>65536</INITIAL>
                  <NEXT>1048576</NEXT>
                  <MINEXTENTS>1</MINEXTENTS>
                  <MAXEXTENTS>2147483645</MAXEXTENTS>
                  <PCTINCREASE>0</PCTINCREASE>
                  <FREELISTS>1</FREELISTS>
                  <FREELIST_GROUPS>1</FREELIST_GROUPS>
                  <BUFFER_POOL>DEFAULT</BUFFER_POOL>
                  <FLASH_CACHE>DEFAULT</FLASH_CACHE>
                  <CELL_FLASH_CACHE>DEFAULT</CELL_FLASH_CACHE>
               </STORAGE>
               <TABLESPACE>SHARED_T_S_01</TABLESPACE>
               <LOGGING>Y</LOGGING>
            </SEGMENT_ATTRIBUTES>
            <COMPRESS>BASIC</COMPRESS>
         </HEAP_TABLE>
      </PHYSICAL_PROPERTIES>
   </RELATIONAL_TABLE>
</TABLE>