
  <TABLE xmlns="http://xmlns.oracle.com/ku" version="1.0">
   <SCHEMA>OALSCM</SCHEMA>
   <NAME>OALEGO_DRM_SYNC_DATA</NAME>
   <RELATIONAL_TABLE>
      <COL_LIST>
         <COL_LIST_ITEM>
            <NAME>UNIQUE_ROW_ID</NAME>
            <DATATYPE>NUMBER</DATATYPE>
            <IDENTITY_COLUMN>
               <SCHEMA>OALSCM</SCHEMA>
               <GENERATION>DEFAULT</GENERATION>
               <ON_NULL></ON_NULL>
               <START_WITH>12441121</START_WITH>
               <INCREMENT>1</INCREMENT>
               <MINVALUE>1</MINVALUE>
               <MAXVALUE>9999999999999999999999999999</MAXVALUE>
               <CACHE>20</CACHE>
            </IDENTITY_COLUMN>
            <NOT_NULL></NOT_NULL>
         </COL_LIST_ITEM>
         <COL_LIST_ITEM>
            <NAME>CATEGORY_CODE</NAME>
            <DATATYPE>VARCHAR2</DATATYPE>
            <LENGTH>80</LENGTH>
            <NOT_NULL></NOT_NULL>
         </COL_LIST_ITEM>
         <COL_LIST_ITEM>
            <NAME>CATALOG_CODE</NAME>
            <DATATYPE>VARCHAR2</DATATYPE>
            <LENGTH>80</LENGTH>
            <NOT_NULL></NOT_NULL>
         </COL_LIST_ITEM>
         <COL_LIST_ITEM>
            <NAME>PARENT_CATEGORY_CODE</NAME>
            <DATATYPE>VARCHAR2</DATATYPE>
            <LENGTH>80</LENGTH>
         </COL_LIST_ITEM>
         <COL_LIST_ITEM>
            <NAME>CATEGORY_NAME</NAME>
            <DATATYPE>VARCHAR2</DATATYPE>
            <LENGTH>80</LENGTH>
         </COL_LIST_ITEM>
         <COL_LIST_ITEM>
            <NAME>CATEGORY_DESCRIPTION</NAME>
            <DATATYPE>VARCHAR2</DATATYPE>
            <LENGTH>240</LENGTH>
         </COL_LIST_ITEM>
         <COL_LIST_ITEM>
            <NAME>START_DATE</NAME>
            <DATATYPE>DATE</DATATYPE>
         </COL_LIST_ITEM>
         <COL_LIST_ITEM>
            <NAME>END_DATE</NAME>
            <DATATYPE>DATE</DATATYPE>
         </COL_LIST_ITEM>
         <COL_LIST_ITEM>
            <NAME>LEVL</NAME>
            <DATATYPE>NUMBER</DATATYPE>
         </COL_LIST_ITEM>
         <COL_LIST_ITEM>
            <NAME>PROCESSED_FLAG</NAME>
            <DATATYPE>VARCHAR2</DATATYPE>
            <LENGTH>10</LENGTH>
         </COL_LIST_ITEM>
         <COL_LIST_ITEM>
            <NAME>DISABLE_FLAG</NAME>
            <DATATYPE>VARCHAR2</DATATYPE>
            <LENGTH>240</LENGTH>
         </COL_LIST_ITEM>
         <COL_LIST_ITEM>
            <NAME>IS_LEAF</NAME>
            <DATATYPE>VARCHAR2</DATATYPE>
            <LENGTH>5</LENGTH>
         </COL_LIST_ITEM>
         <COL_LIST_ITEM>
            <NAME>REFRESH_ID</NAME>
            <DATATYPE>NUMBER</DATATYPE>
            <NOT_NULL></NOT_NULL>
         </COL_LIST_ITEM>
         <COL_LIST_ITEM>
            <NAME>COMMENTS</NAME>
            <DATATYPE>VARCHAR2</DATATYPE>
            <LENGTH>500</LENGTH>
         </COL_LIST_ITEM>
         <COL_LIST_ITEM>
            <NAME>ITEM_ASSOCIATION</NAME>
            <DATATYPE>VARCHAR2</DATATYPE>
            <LENGTH>10</LENGTH>
         </COL_LIST_ITEM>
      </COL_LIST>
      <PHYSICAL_PROPERTIES>
         <HEAP_TABLE>
            <SEGMENT_ATTRIBUTES>
               <PCTFREE>0</PCTFREE>
               <PCTUSED>40</PCTUSED>
               <INITRANS>1</INITRANS>
               <STORAGE>
                  <INITIAL>65536</INITIAL>
                  <NEXT>1048576</NEXT>
                  <MINEXTENTS>1</MINEXTENTS>
                  <MAXEXTENTS>2147483645</MAXEXTENTS>
                  <PCTINCREASE>0</PCTINCREASE>
                  <FREELISTS>1</FREELISTS>
                  <FREELIST_GROUPS>1</FREELIST_GROUPS>
                  <BUFFER_POOL>DEFAULT</BUFFER_POOL>
                  <FLASH_CACHE>DEFAULT</FLASH_CACHE>
                  <CELL_FLASH_CACHE>DEFAULT</CELL_FLASH_CACHE>
               </STORAGE>
               <TABLESPACE>SHARED_T_S_01</TABLESPACE>
               <LOGGING>Y</LOGGING>
            </SEGMENT_ATTRIBUTES>
            <COMPRESS>BASIC</COMPRESS>
         </HEAP_TABLE>
      </PHYSICAL_PROPERTIES>
      <TABLE_PROPERTIES></TABLE_PROPERTIES>
   </RELATIONAL_TABLE>
</TABLE>