
  <TABLE xmlns="http://xmlns.oracle.com/ku" version="1.0">
   <SCHEMA>OALSCM</SCHEMA>
   <NAME>OALEGO_DRM_VIEW_COPY</NAME>
   <RELATIONAL_TABLE>
      <COL_LIST>
         <COL_LIST_ITEM>
            <NAME>EBS_VALUE</NAME>
            <DATATYPE>VARCHAR2</DATATYPE>
            <LENGTH>240</LENGTH>
         </COL_LIST_ITEM>
         <COL_LIST_ITEM>
            <NAME>EBS_PARENT_VALUE</NAME>
            <DATATYPE>VARCHAR2</DATATYPE>
            <LENGTH>240</LENGTH>
         </COL_LIST_ITEM>
         <COL_LIST_ITEM>
            <NAME>DEPTH</NAME>
            <DATATYPE>NUMBER</DATATYPE>
         </COL_LIST_ITEM>
         <COL_LIST_ITEM>
            <NAME>TOP_NODE</NAME>
            <DATATYPE>VARCHAR2</DATATYPE>
            <LENGTH>80</LENGTH>
         </COL_LIST_ITEM>
         <COL_LIST_ITEM>
            <NAME>SEGMENT_NAME</NAME>
            <DATATYPE>VARCHAR2</DATATYPE>
            <LENGTH>240</LENGTH>
         </COL_LIST_ITEM>
         <COL_LIST_ITEM>
            <NAME>EBS_TARGET_AQ_FLAG</NAME>
            <DATATYPE>VARCHAR2</DATATYPE>
            <LENGTH>240</LENGTH>
         </COL_LIST_ITEM>
         <COL_LIST_ITEM>
            <NAME>EBS_TARGET_TABLE_FLAG</NAME>
            <DATATYPE>VARCHAR2</DATATYPE>
            <LENGTH>240</LENGTH>
         </COL_LIST_ITEM>
         <COL_LIST_ITEM>
            <NAME>EBS_TARGET_VALUE_SET_FLAG</NAME>
            <DATATYPE>VARCHAR2</DATATYPE>
            <LENGTH>240</LENGTH>
         </COL_LIST_ITEM>
         <COL_LIST_ITEM>
            <NAME>VALUE</NAME>
            <DATATYPE>VARCHAR2</DATATYPE>
            <LENGTH>80</LENGTH>
         </COL_LIST_ITEM>
         <COL_LIST_ITEM>
            <NAME>PARENT_VALUE</NAME>
            <DATATYPE>VARCHAR2</DATATYPE>
            <LENGTH>80</LENGTH>
         </COL_LIST_ITEM>
         <COL_LIST_ITEM>
            <NAME>DESC_US</NAME>
            <DATATYPE>VARCHAR2</DATATYPE>
            <LENGTH>240</LENGTH>
         </COL_LIST_ITEM>
         <COL_LIST_ITEM>
            <NAME>ACCOUNT_TYPE</NAME>
            <DATATYPE>VARCHAR2</DATATYPE>
            <LENGTH>240</LENGTH>
         </COL_LIST_ITEM>
         <COL_LIST_ITEM>
            <NAME>ENABLED_FLAG</NAME>
            <DATATYPE>VARCHAR2</DATATYPE>
            <LENGTH>240</LENGTH>
         </COL_LIST_ITEM>
         <COL_LIST_ITEM>
            <NAME>END_DATE_ACTIVE</NAME>
            <DATATYPE>DATE</DATATYPE>
         </COL_LIST_ITEM>
         <COL_LIST_ITEM>
            <NAME>SUMMARY_FLAG</NAME>
            <DATATYPE>VARCHAR2</DATATYPE>
            <LENGTH>240</LENGTH>
         </COL_LIST_ITEM>
         <COL_LIST_ITEM>
            <NAME>RECONCILE</NAME>
            <DATATYPE>VARCHAR2</DATATYPE>
            <LENGTH>240</LENGTH>
         </COL_LIST_ITEM>
         <COL_LIST_ITEM>
            <NAME>START_DATE_ACTIVE</NAME>
            <DATATYPE>DATE</DATATYPE>
         </COL_LIST_ITEM>
         <COL_LIST_ITEM>
            <NAME>THIRD_PARTY_CTRL_ACCT</NAME>
            <DATATYPE>VARCHAR2</DATATYPE>
            <LENGTH>240</LENGTH>
         </COL_LIST_ITEM>
         <COL_LIST_ITEM>
            <NAME>HIERARCHY_LEVEL</NAME>
            <DATATYPE>VARCHAR2</DATATYPE>
            <LENGTH>240</LENGTH>
         </COL_LIST_ITEM>
         <COL_LIST_ITEM>
            <NAME>ROLLUP_GROUP</NAME>
            <DATATYPE>VARCHAR2</DATATYPE>
            <LENGTH>240</LENGTH>
         </COL_LIST_ITEM>
         <COL_LIST_ITEM>
            <NAME>MSTK_PRODUCT_NAME</NAME>
            <DATATYPE>VARCHAR2</DATATYPE>
            <LENGTH>240</LENGTH>
         </COL_LIST_ITEM>
         <COL_LIST_ITEM>
            <NAME>RDS_OBJECT_ID</NAME>
            <DATATYPE>VARCHAR2</DATATYPE>
            <LENGTH>240</LENGTH>
         </COL_LIST_ITEM>
         <COL_LIST_ITEM>
            <NAME>RDS_ACTIVE</NAME>
            <DATATYPE>VARCHAR2</DATATYPE>
            <LENGTH>240</LENGTH>
         </COL_LIST_ITEM>
         <COL_LIST_ITEM>
            <NAME>ORIGIN_REF_NO</NAME>
            <DATATYPE>VARCHAR2</DATATYPE>
            <LENGTH>240</LENGTH>
         </COL_LIST_ITEM>
         <COL_LIST_ITEM>
            <NAME>SUPPORT_PRICING_DESCRIPTION</NAME>
            <DATATYPE>VARCHAR2</DATATYPE>
            <LENGTH>240</LENGTH>
         </COL_LIST_ITEM>
         <COL_LIST_ITEM>
            <NAME>EXCLUDE_FROM_USER_VIEW</NAME>
            <DATATYPE>VARCHAR2</DATATYPE>
            <LENGTH>240</LENGTH>
         </COL_LIST_ITEM>
         <COL_LIST_ITEM>
            <NAME>EXPECTED_PURCHASE</NAME>
            <DATATYPE>VARCHAR2</DATATYPE>
            <LENGTH>240</LENGTH>
         </COL_LIST_ITEM>
         <COL_LIST_ITEM>
            <NAME>APAC_LEAD_TIME</NAME>
            <DATATYPE>VARCHAR2</DATATYPE>
            <LENGTH>240</LENGTH>
         </COL_LIST_ITEM>
         <COL_LIST_ITEM>
            <NAME>EMEA_LEAD_TIME</NAME>
            <DATATYPE>VARCHAR2</DATATYPE>
            <LENGTH>240</LENGTH>
         </COL_LIST_ITEM>
         <COL_LIST_ITEM>
            <NAME>JAPAN_LEAD_TIME</NAME>
            <DATATYPE>VARCHAR2</DATATYPE>
            <LENGTH>240</LENGTH>
         </COL_LIST_ITEM>
         <COL_LIST_ITEM>
            <NAME>LAD_LEAD_TIME</NAME>
            <DATATYPE>VARCHAR2</DATATYPE>
            <LENGTH>240</LENGTH>
         </COL_LIST_ITEM>
         <COL_LIST_ITEM>
            <NAME>NAS_LEAD_TIME</NAME>
            <DATATYPE>VARCHAR2</DATATYPE>
            <LENGTH>240</LENGTH>
         </COL_LIST_ITEM>
         <COL_LIST_ITEM>
            <NAME>AVAILABLE_IN_FUSION_CRM</NAME>
            <DATATYPE>VARCHAR2</DATATYPE>
            <LENGTH>240</LENGTH>
         </COL_LIST_ITEM>
         <COL_LIST_ITEM>
            <NAME>PRODUCT_CLASS</NAME>
            <DATATYPE>VARCHAR2</DATATYPE>
            <LENGTH>240</LENGTH>
         </COL_LIST_ITEM>
         <COL_LIST_ITEM>
            <NAME>CRM_ENABLED_FLAG</NAME>
            <DATATYPE>VARCHAR2</DATATYPE>
            <LENGTH>240</LENGTH>
         </COL_LIST_ITEM>
         <COL_LIST_ITEM>
            <NAME>FORECASTABLE_FLAG</NAME>
            <DATATYPE>VARCHAR2</DATATYPE>
            <LENGTH>240</LENGTH>
         </COL_LIST_ITEM>
         <COL_LIST_ITEM>
            <NAME>PRODUCT_CRM_INTERNAL_NAME</NAME>
            <DATATYPE>VARCHAR2</DATATYPE>
            <LENGTH>240</LENGTH>
         </COL_LIST_ITEM>
         <COL_LIST_ITEM>
            <NAME>ALLOW_BUDGETING</NAME>
            <DATATYPE>VARCHAR2</DATATYPE>
            <LENGTH>240</LENGTH>
         </COL_LIST_ITEM>
         <COL_LIST_ITEM>
            <NAME>ALLOW_POSTING</NAME>
            <DATATYPE>VARCHAR2</DATATYPE>
            <LENGTH>240</LENGTH>
         </COL_LIST_ITEM>
         <COL_LIST_ITEM>
            <NAME>LEAF</NAME>
            <DATATYPE>VARCHAR2</DATATYPE>
            <LENGTH>5</LENGTH>
         </COL_LIST_ITEM>
         <COL_LIST_ITEM>
            <NAME>CRM_DESCRIPTION</NAME>
            <DATATYPE>VARCHAR2</DATATYPE>
            <LENGTH>240</LENGTH>
         </COL_LIST_ITEM>
         <COL_LIST_ITEM>
            <NAME>DISPLAY_SEQUENCE</NAME>
            <DATATYPE>VARCHAR2</DATATYPE>
            <LENGTH>240</LENGTH>
         </COL_LIST_ITEM>
         <COL_LIST_ITEM>
            <NAME>ADDED_BY</NAME>
            <DATATYPE>VARCHAR2</DATATYPE>
            <LENGTH>240</LENGTH>
         </COL_LIST_ITEM>
         <COL_LIST_ITEM>
            <NAME>ADDED_ON</NAME>
            <DATATYPE>DATE</DATATYPE>
         </COL_LIST_ITEM>
         <COL_LIST_ITEM>
            <NAME>LAST_CHANGED_BY</NAME>
            <DATATYPE>VARCHAR2</DATATYPE>
            <LENGTH>240</LENGTH>
         </COL_LIST_ITEM>
         <COL_LIST_ITEM>
            <NAME>LAST_CHANGED_ON</NAME>
            <DATATYPE>DATE</DATATYPE>
         </COL_LIST_ITEM>
         <COL_LIST_ITEM>
            <NAME>CRM_START_DATE</NAME>
            <DATATYPE>DATE</DATATYPE>
         </COL_LIST_ITEM>
         <COL_LIST_ITEM>
            <NAME>CRM_END_DATE</NAME>
            <DATATYPE>DATE</DATATYPE>
         </COL_LIST_ITEM>
         <COL_LIST_ITEM>
            <NAME>ALT_PRODUCT_DESCRIPTION</NAME>
            <DATATYPE>VARCHAR2</DATATYPE>
            <LENGTH>240</LENGTH>
         </COL_LIST_ITEM>
      </COL_LIST>
      <PHYSICAL_PROPERTIES>
         <HEAP_TABLE>
            <SEGMENT_ATTRIBUTES>
               <PCTFREE>0</PCTFREE>
               <PCTUSED>40</PCTUSED>
               <INITRANS>1</INITRANS>
               <STORAGE>
                  <INITIAL>65536</INITIAL>
                  <NEXT>1048576</NEXT>
                  <MINEXTENTS>1</MINEXTENTS>
                  <MAXEXTENTS>2147483645</MAXEXTENTS>
                  <PCTINCREASE>0</PCTINCREASE>
                  <FREELISTS>1</FREELISTS>
                  <FREELIST_GROUPS>1</FREELIST_GROUPS>
                  <BUFFER_POOL>DEFAULT</BUFFER_POOL>
                  <FLASH_CACHE>DEFAULT</FLASH_CACHE>
                  <CELL_FLASH_CACHE>DEFAULT</CELL_FLASH_CACHE>
               </STORAGE>
               <TABLESPACE>SHARED_T_S_01</TABLESPACE>
               <LOGGING>Y</LOGGING>
            </SEGMENT_ATTRIBUTES>
            <COMPRESS>BASIC</COMPRESS>
         </HEAP_TABLE>
      </PHYSICAL_PROPERTIES>
   </RELATIONAL_TABLE>
</TABLE>