{
   "properties": {
     "runCommands": [
       {
         "commandName": "git: refresh (pull)",
         "commandValue": "git pull --recurse-submodules",
         "handlerId": "TERMINAL_HANDLER"
       },
       {
         "commandName": "git: complete refresh ant-scripts",
         "commandValue": "rm -rf ant-scripts && git clone ssh://alm.oraclecorp.com:2222/oal_atg/ant-scripts.git  -b master --single-branch",
         "handlerId": "TERMINAL_HANDLER"
       },
       {
         "commandName": "ant compile (build/stage step)",
         "commandValue": "export ANT_ARGS='-logger org.apache.tools.ant.listener.AnsiColorLogger' && ant compile",
         "handlerId": "TERMINAL_HANDLER"
       },
       {
         "commandName": "ant (deploy step)",
         "commandValue": "export ANT_ARGS='-logger org.apache.tools.ant.listener.AnsiColorLogger' && ant",
         "handlerId": "TERMINAL_HANDLER"
       }
     ],
    "previewUrls": [
      {
        "urlName": "Patching Documentation",
        "urlValue": "https://confluence.oraclecorp.com/confluence/display/OAL/OAL+Cloud+Custom+Patching",
        "handlerId": "PREVIEW_HANDLER"
      },
      {
        "urlName": "OBIEE - FINAD",
        "urlValue": "https://bi-finad.oraclecorp.com/analytics/saw.dll?catalog",
        "handlerId": "PREVIEW_HANDLER"
      },
      {
        "urlName": "OBIEE - FINAV",
        "urlValue": "https://bi-finav.oraclecorp.com/analytics/saw.dll?catalog",
        "handlerId": "PREVIEW_HANDLER"
      },
      {
        "urlName": "OBIEE - FINAB",
        "urlValue": "https://bi-finab.oraclecorp.com/analytics/saw.dll?catalog",
        "handlerId": "PREVIEW_HANDLER"
      },
      {
        "urlName": "OBIEE - FINAU",
        "urlValue": "https://bi-finau.oraclecorp.com/analytics/saw.dll?catalog",
        "handlerId": "PREVIEW_HANDLER"
      }
    ]
   }
}

