
<!-- DO NOT EDIT MANUALLY -->
<PACKAGE_SPEC xmlns="http://xmlns.oracle.com/ku" version="1.0">
  <SCHEMA>OALSCM</SCHEMA>
  <NAME>OALEGO_DRM_SYNC_CHANGE_PKG</NAME>
  <RDBMS_VER>12.1.0.2.0</RDBMS_VER>
  <DDL>
  CREATE OR REPLACE EDITIONABLE PACKAGE &quot;OALSCM&quot;.&quot;OALEGO_DRM_SYNC_CHANGE_PKG&quot; AS

PROCEDURE DRM_GET_CHANGE(P_REFRESH_ID IN NUMBER);

PROCEDURE GET_DRM_CATS(P_REFRESH_ID IN NUMBER);

PROCEDURE DRM_DATA_COPY_TEST_CASES(P_REFRESH_ID IN NUMBER);
END OALEGO_DRM_SYNC_CHANGE_PKG;
/</DDL>
</PACKAGE_SPEC>