
<!-- DO NOT EDIT MANUALLY -->
<OBJECT_GRANT xmlns="http://xmlns.oracle.com/ku" version="1.0">
  <SCHEMA>OALSCM</SCHEMA>
  <NAME>OALEGO_DRM_SYNC_PROPERTY</NAME>
  <RDBMS_VER>12.1.0.2.0</RDBMS_VER>
  <DDL>  GRANT ALTER ON &quot;OALSCM&quot;.&quot;OALEGO_DRM_SYNC_PROPERTY&quot; TO &quot;OALSCM_RUNTIME&quot;;
  GRANT DEBUG ON &quot;OALSCM&quot;.&quot;OALEGO_DRM_SYNC_PROPERTY&quot; TO &quot;OALSCM_RUNTIME&quot;;
  GRANT DELETE ON &quot;OALSCM&quot;.&quot;OALEGO_DRM_SYNC_PROPERTY&quot; TO &quot;OALSCM_RUNTIME&quot;;
  GRANT FLASHBACK ON &quot;OALSCM&quot;.&quot;OALEGO_DRM_SYNC_PROPERTY&quot; TO &quot;OALSCM_RUNTIME&quot;;
  GRANT INDEX ON &quot;OALSCM&quot;.&quot;OALEGO_DRM_SYNC_PROPERTY&quot; TO &quot;OALSCM_RUNTIME&quot;;
  GRANT INSERT ON &quot;OALSCM&quot;.&quot;OALEGO_DRM_SYNC_PROPERTY&quot; TO &quot;OALSCM_RUNTIME&quot;;
  GRANT ON COMMIT REFRESH ON &quot;OALSCM&quot;.&quot;OALEGO_DRM_SYNC_PROPERTY&quot; TO &quot;OALSCM_RUNTIME&quot;;
  GRANT QUERY REWRITE ON &quot;OALSCM&quot;.&quot;OALEGO_DRM_SYNC_PROPERTY&quot; TO &quot;OALSCM_RUNTIME&quot;;
  GRANT READ ON &quot;OALSCM&quot;.&quot;OALEGO_DRM_SYNC_PROPERTY&quot; TO &quot;OALSCM_RUNTIME&quot;;
  GRANT REFERENCES ON &quot;OALSCM&quot;.&quot;OALEGO_DRM_SYNC_PROPERTY&quot; TO &quot;OALSCM_RUNTIME&quot;;
  GRANT SELECT ON &quot;OALSCM&quot;.&quot;OALEGO_DRM_SYNC_PROPERTY&quot; TO &quot;OALSCM_RUNTIME&quot;;
  GRANT UPDATE ON &quot;OALSCM&quot;.&quot;OALEGO_DRM_SYNC_PROPERTY&quot; TO &quot;OALSCM_RUNTIME&quot;;
</DDL>
</OBJECT_GRANT>
