{
  "knockout": "libs/knockout/knockout-3.4.0",
  "jquery": "libs/jquery/jquery-3.1.1.min",
  "jqueryui-amd": "libs/jquery/jqueryui-amd-1.12.0.min",
  "promise": "libs/es6-promise/es6-promise.min",
  "hammerjs": "libs/hammer/hammer-2.0.8.min",
  "ojdnd": "libs/dnd-polyfill/dnd-polyfill-1.0.0.min",
  "ojs": "libs/oj/v4.0.0/min",
  "ojL10n": "libs/oj/v4.0.0/ojL10n",
  "ojtranslations": "libs/oj/v4.0.0/resources",
  "text": "libs/require/text",
  "signals": "libs/js-signals/signals.min",
  "customElements": "libs/webcomponents/custom-elements.min",
  "proj4": "libs/proj4js/dist/proj4",
  "css": "libs/require-css/css.min"
}