<References xmlns="http://xmlns.oracle.com/adf/jndi">
  <Reference name="New PAAS DB" className="oracle.jdeveloper.db.adapter.DatabaseProvider"
             credentialStoreKey="New PAAS DB" xmlns="">
    <Factory className="oracle.jdevimpl.db.adapter.DatabaseProviderFactory1212"/>
    <RefAddresses>
      <StringRefAddr addrType="SSH.Host">
        <Contents>129.144.58.16</Contents>
      </StringRefAddr>
      <SecureRefAddr addrType="SSH.User"/>
      <StringRefAddr addrType="SSH.Enabled">
        <Contents>true</Contents>
      </StringRefAddr>
      <StringRefAddr addrType="serviceName">
        <Contents>pgxpbt.corpssotest.oraclecloud.internal</Contents>
      </StringRefAddr>
      <StringRefAddr addrType="SSH.LocalFile">
        <Contents>D:\oalkey_ssh.key</Contents>
      </StringRefAddr>
      <StringRefAddr addrType="oraDriverType">
        <Contents>thin</Contents>
      </StringRefAddr>
      <StringRefAddr addrType="hostname">
        <Contents>129.157.240.211</Contents>
      </StringRefAddr>
      <SecureRefAddr addrType="password"/>
      <StringRefAddr addrType="port">
        <Contents>1522</Contents>
      </StringRefAddr>
      <StringRefAddr addrType="subtype">
        <Contents>oraJDBC</Contents>
      </StringRefAddr>
      <StringRefAddr addrType="SSH.Port">
        <Contents>22</Contents>
      </StringRefAddr>
      <SecureRefAddr addrType="SSH.Password"/>
      <StringRefAddr addrType="user">
        <Contents>oalgeneric[oalscm]</Contents>
      </StringRefAddr>
    </RefAddresses>
  </Reference>
</References>