<?xml version="1.0" encoding="UTF-8"?>
<project-private xmlns="http://www.netbeans.org/ns/project-private/1">
    <editor-bookmarks xmlns="http://www.netbeans.org/ns/editor-bookmarks/2" lastBookmarkId="0"/>
    <open-files xmlns="http://www.netbeans.org/ns/projectui-open-files/2">
        <group>
            <file>file:/C:/JDeveloper/mywork/DrmSynDatacService/DRMUI/public_html/index.html</file>
            <file>file:/C:/JDeveloper/mywork/DrmSynDatacService/DRMUI/public_html/js/views/homeViewSyncRecords.html</file>
            <file>file:/C:/JDeveloper/mywork/DrmSynDatacService/DRMUI/public_html/js/viewModels/constData.js</file>
            <file>file:/C:/JDeveloper/mywork/DrmSynDatacService/DRMUI/public_html/js/main.js</file>
            <file>file:/C:/JDeveloper/mywork/DrmSynDatacService/DRMUI/public_html/js/viewModels/homeViewSyncRecords.js</file>
        </group>
    </open-files>
</project-private>
